review,sentiment
price high specification perfect price everything fine,very negative
nokia dont phone still love nokia lover,neutral
reliable phone neat experience zero bloatware even though mp cam quality photo top notch battery keep u day well good software optimization build quality good one 25k price phone perfect everyday use phone,neutral
stock android clean o without bloatware year promised android o security update elegant design super cool compared nokia smooth sturdy holding handset final verdict awesome deal android one lover promised one day delivery appario,neutral
people think phone maybe overpriced say one best phone price buy phone moderate use gaming camera phone really audio quality battary perfect in hand fill great nokia like chiniese brand lote privacy issue give stock android zero bloatware give good experience use nokia give year security update year android update,very negative
nokia cyan 4gb 64gbthings like big display well lit light weight beautiful back gradient design pattern pure android box android august security update camera average major android upgrade usb c headphone jack white notification led power button bloatwares except google apps flip disconnect call pickup silent call gesturesthings liked camera performance low light screen ratio display resolution device battery processor box mobile phone charger usb type c cable earphone mic sim ejector tool document conclusion relief life saver amidst china campaign strictly speaking happy performance phone average user phone great daily use nokia could added extra feature overall beautiful phone price range one expect much go happy note charger made china,neutral
really love design build quality nokia product nokia beautiful android one device hence zero bloatware great camera big screen smooth performance solid build quality one ask,neutral
since would already know kinda average spec impression using phone built feel good plastic back panel feel cheap button tactile notification light placed power button hard notice back panel fine texture feel give extra grip curved edge help holding phone better display resolution right price screen size 720p massive 5inch screen outright pixelation seen 1080p screen would notice text icon sharp enough used 720p phone display would okayish ratio make display quite tall brightness decent stock android experience probably main selling point nokia would clean android o offer additional apps installed phone except basic google apps even choose install google apps like duo google news google play music etc setup may like brand pre install social medium utility apps like voice recorder phone upto date security patch till august sept nice optimization good regular apps like social medium browsing video playback work fine game idea year software update guaranteed part android one programme battery life excellent phone well optimized battery life two day use 4g data always battery lasted well got hr screen on time every battery regular use inclusion fast charging quite disappointing camera tested much gcam seems work better seen review update later confused hardware nfc information gyro sensor though compass say available get clear case headphone box like nokia phone overall want buy stock android based phone cannot wait flash sale nokia good,very negative
using two day say wonderful product designed developed nokia little dissatisfied size phone little bigger size fan nokia since window phone already using plus one latest addition arsenal greatest thing software update android one nokia living upto promise issue nokia phone till date like heating lag zero bloatware pure android experience make wonderful experience enjoy phone basically iphone user earlier using nokia first phone nokia launched android since shifted nokia completely wonderful brand one rely,very negative
ordered waiting phone feel quite overpriced sure phone last year without single issue phone segment,very negative
price high specification perfect price everything fine,very negative
nokia dont phone still love nokia lover,neutral
reliable phone neat experience zero bloatware even though mp cam quality photo top notch battery keep u day well good software optimization build quality good one 25k price phone perfect everyday use phone,neutral
stock android clean o without bloatware year promised android o security update elegant design super cool compared nokia smooth sturdy holding handset final verdict awesome deal android one lover promised one day delivery appario,neutral
people think phone maybe overpriced say one best phone price buy phone moderate use gaming camera phone really audio quality battary perfect in hand fill great nokia like chiniese brand lote privacy issue give stock android zero bloatware give good experience use nokia give year security update year android update,very negative
nokia cyan 4gb 64gbthings like big display well lit light weight beautiful back gradient design pattern pure android box android august security update camera average major android upgrade usb c headphone jack white notification led power button bloatwares except google apps flip disconnect call pickup silent call gesturesthings liked camera performance low light screen ratio display resolution device battery processor box mobile phone charger usb type c cable earphone mic sim ejector tool document conclusion relief life saver amidst china campaign strictly speaking happy performance phone average user phone great daily use nokia could added extra feature overall beautiful phone price range one expect much go happy note charger made china,neutral
really love design build quality nokia product nokia beautiful android one device hence zero bloatware great camera big screen smooth performance solid build quality one ask,neutral
since would already know kinda average spec impression using phone built feel good plastic back panel feel cheap button tactile notification light placed power button hard notice back panel fine texture feel give extra grip curved edge help holding phone better display resolution right price screen size 720p massive 5inch screen outright pixelation seen 1080p screen would notice text icon sharp enough used 720p phone display would okayish ratio make display quite tall brightness decent stock android experience probably main selling point nokia would clean android o offer additional apps installed phone except basic google apps even choose install google apps like duo google news google play music etc setup may like brand pre install social medium utility apps like voice recorder phone upto date security patch till august sept nice optimization good regular apps like social medium browsing video playback work fine game idea year software update guaranteed part android one programme battery life excellent phone well optimized battery life two day use 4g data always battery lasted well got hr screen on time every battery regular use inclusion fast charging quite disappointing camera tested much gcam seems work better seen review update later confused hardware nfc information gyro sensor though compass say available get clear case headphone box like nokia phone overall want buy stock android based phone cannot wait flash sale nokia good,very negative
using two day say wonderful product designed developed nokia little dissatisfied size phone little bigger size fan nokia since window phone already using plus one latest addition arsenal greatest thing software update android one nokia living upto promise issue nokia phone till date like heating lag zero bloatware pure android experience make wonderful experience enjoy phone basically iphone user earlier using nokia first phone nokia launched android since shifted nokia completely wonderful brand one rely,very negative
ordered waiting phone feel quite overpriced sure phone last year without single issue phone segment,very negative
mobile look nice performance bad battery drain 4hour using fb mobile got hand every 1minute heat using multiple aap time per specification cost little high using brand mobile 8k mobile also better pleased return request amazon service poor responding courier service also give product door step wast money go mobile,neutral
bought phone yesterday writing review pro light weight inch screen size2 excellent build quality3 stock android one latest greatest features4 bought gb variance feel multitasking work smoothly5 face unlock finger print unlock work well6 color scheme hd display suffices screen using one plus 6t find le differencecons fast charging unavailable however charging decent2 added gb sd card additionally us portable device onlyi think price point best available phone future promised importantly made india non chinese brand,neutral
using last day average phone high price tagnokia still long way catch market trend mobile price range simple phone special feature term accessibility like taking screen shot launching camera torch dnd mode navigation battery 4000mah last day normal usage feel price around 10k product feature,very negative
nice product price range used day presently found battery backup good run around day depending usage camera quality good light weight audio good shuffling apps smooth easy though gb internal memory get occupied apps update seems require sd card expansion memory long run gaming priority comment work playing game otherwise definitely value money course nokia name say,very negative
finally nokia arrived take chinese product glad came back using phone work thank nokia,neutral
pro smooth software experience multi user support poco f1 could two user one user use personal work good display excellent battery life excellent software update support receive android year security update bloatware light gaming day day video usage butter smooth heating software optimized well qualcomm provides butter smooth experience much better phone 10k 15k con decen camera,positive
fresh using samsung galaxy m30s shifted nokia right bat one bit expensive compare samsung product way expensive go chinese brand spec packing said fail far good slick design good performance pure stock android yr update win4000mah battery last atleast day normal use watching youtube hr discharged battery guess full charge give 10hrs playback fast charging could issue bit heating issue charging exactly buring sensation though camera use much comment one thing bug though display usually keep brightness even dark mode m30s moto g4 face brightness issue first time increase brightness overall good phone look mid range professional looking phone long term use nokia check box others go photo game higher spec may,neutral
instead going chinese brand choose battery really good charging time slow 2hrs full charge camera nice u google gcam awesome stock android bloatware upto 3years u wil get update miss 720p screen look like 1080p screen present redmi phone cz higher nit screen quality really good u want mobile atleast 3years issue u choose mobile,very negative
simple solid device android one refreshing without pre installed nonsense apps device camera work good maybe little underwhelming job android gesture control also intuitive get hang overall respectable non chinese alternative price range,neutral
camera average charging time long maybe due w charger phone getting heated charging notification light working app notification still various setting change,neutral
nokia fan education year saw industry switch nokia coming back android o wanted give try old time sake well phone come close expectation foremost expectation smooth operation phone using basic operation like browsing internet switching tab phone unexpected laga frequently sometimes freeze reason one pathetic issue dial number screen go black time matter active imagine call processing happening background helpless mistakenly called want switch speaker phone move tab think reason replacement option return window day seems like thought way around may sold pathetic phone would never ever buy nokia phone probably childhood love needed heartbreak come fondness zone nokia one thing ready buy another phone exchanging within week time model even show exchange phone list edge case also covered haha probably use year end smashing wall screen freeze awaiting good riddance,very negative
elegant phone people mind spending extra buck time tested solid brand nokia might popularity chart quite time decided go phone reading review using xperia r1 plus past two year needed change delighted chosen nokia last next year least display camera battery backup decent gb ram help phone run super smooth found impressive swipe gesture bottom screen conveniently exit app take home screen display apps running background depending swipe motion also swiping inwards anywhere side edge take previous page phone done using back button bottom screen dark theme selected easily display setting make phone much easier use weary eye nokia build quality design awesome reminds back day nokia phone used everything mind paying 4k extra specification second rate phone available market range 11k provide know sturdiness delight using nokia long run factor premium paid acquiring device would highly recommend nokia user rely phone hour work day hour leisure rest battery power conservation,neutral
better try nokia give android model giving review 4days usage phone quality really good camera nice weight le good still concentrate user interface side yes collaboration window android gallery theme missing girl really miss item,very negative
14k hd display,very negative
phone good overall value money battery life normal battery used day barely made day camerait fine best good day day life processorokay processor ideal high graphic gamesnot many feature basic feature phone gb varient best thing uodates android one non chinese phone seal phone broken,neutral
see spec main processor ram storage etc wanted phone use confidently next year regular software update confident nokia fulfilling commitment,negative
received yesterday used continuous hr heating issue battery decent charger 10w decent 4k battery need charge camera decent pro photographer wait pixel 4a snapdragon enough phone receive security patch within12 hr display inch screen,very negative
first using really great phone day take pro great build quality plastic phone2 pure android experience august security update ready3 decent main camera good processing performance totally cool day day task bright screen speaker loud decentcons low resolution display screen larger beyond comfortable size3 battery average telephoto macro camera utter rubbish side button placement high given phone larger uncomfortably large fairly great phone want avoid chinese manufacturer like optimum camera experience download gcam mod,neutral
excited buy phone since nokia favourite brand unboxed phone hope shattered coming specification since many expert give better review want highlight user unfriendly phone rather stock android know whether problem android one phone fingerprint sensor pathetic taken fingerprint index finger phone never open single touch repeated attempt finally desire open cannot silent vibrate put sound mode notification panel yes autoroatate feature disgusting time phone rotate opposite direction viewing angle turn wifi receiving capability phone poor since stock android hardly good customizations search hell find music player found yt music saviour seriously phone in built music player one thing search google bring back button phone pfinally verdict please buy mobile desperately want get rid asap realme saviour nokia betrayed,very negative
price high price get full hd display mobile hd display processer old battery,very negative
buy product behaves abnormal google assistant frequently open irritating calling somebody suddenly speakerphone automatically start hanging problem restart almost time day finger sensor horrible press hard able unlock screen sad story overall regret bought phone,very negative
probably got defective piece mobile suddenly stopped working day use contacted amazon got proper solution also cannot replace item window open till sept mobile suddenly stopped working screen went blank even though around charge left feel bad nokia keeping quality known option visit service center get checked tried hard soft reset phone dead think made wrong decision taking account quality nokia brand known nokia user sadly think present nokia keeping quality feeling sad day usage brand new phone dead quality compromised get exchange help amazon nokia,very negative
stock android without bloatware constant ad running background phone phone fast responsive daily use good built,neutral
budget phone average look average performance u one hand operation would difficult inch screen lady gentleman practical use one hand biggest drawback average old style display get really old feeling using nokia need better bought due current india sentiment worth price,very negative
much complain price phone mp primary camera better hyped mp brand phone battery life great treated extensively high end game phone clean ui experience year android update year security update worth price also brand like nokia get best build quality look,negative
look 5battery 5interface 5nokia nokia nokia,neutral
mobile feature whatsoever living ultra hd age mobile still living sound output earphone mode trusted nokia realised nokia lost market joy mobile,neutral
expect much yes price phone quite cool look beautiful new design performance also upto mark thumb side,neutral
previous review rejected writing straightforward pro android one reason bought phone lot con knew still bought cleaner faster 15k budget say great build quality expected nokia good build quality look cheap con display ok see big pixel easily tilt phone bit see fingerprint slow accurate fails time least ok price spent 15k budget device deserve touch may find touch responsive many time swipe see notification app drawer never case old phone4 camera good day horrible night low light 15k think ok first low budget phoneedit 7th octoberafter using almost week fingerprint fail time using xperia xa1 plus hardly failed may time nokia situation bad thinking turn removed fingerprint whatsapp already connectivity many time wifi work phone working fine using wifi call close switch 4g sometime work jio airtel connection speed phone issue xperia xa1 plus sony phone known bad connectivity nokia really poor may something wrong phone review day make star issue persist,negative
week usagepros1 nokia decent snapdragon processor battery backup good display look good previous mob hd resolution feel bad front camera superb rear camera okay con mobile heating charging price somewhat high compared brand audio quality bad feel speaker vibration volume,very negative
good like device value money 10k would value money buy charger al fast charger,very negative
worst mobile waste money,
using phone last day battery amazing give almost day backup daylight camera good nice colour correction night mode average mood gamer snapdragon ok get price best thing phone stock android bloatware google apps want uninstall verdict isif want buy phone normal use best choice want use gaming purpose perfect,negative
would prefer phone removable battery old fashion sim tray phone made guess better buy one chinki phone chinese phone used make people laughing stock phone like weird status symbol anyway know tech youtubers like say youtube home shopping channel complaining phone pretty solid go price range,very negative
firstly would say trust appario retail pvt ltd reduced ever phone box damaged corner tore seller applied regular transparent sticky tape even main phone seal removed phone definitely removed box earlier sold u maybe replacement unit returned someone seller applied sticky tape sent u shame appario retail pvt ltd immediately opened box see phone damaged scratched something thankfully good condition decided return talking phone nokia come android one program google stock android experience main reason chose phone price range also guaranteed year android update security patch every month like phone phone look good back glossy polycarbonate look like glass cyan color look awesome stock android performance also great navigation smooth without lag display even though full hd clear crisp bright lesser pixel help improve battery life would full hd display display great battery mah stock android battery optimization adaptive battery feature help overall battery life good phone already got latest monthly security patch starting peace mind know update regular also get major android update next year main camera decent capture nice photo bright light low light performance also okay photo wide angle camera look soft le detailed macro camera bad mind even glad main camera sensor good enough take photo main camera use often nokia good budget android one phone price range pretty satisfied overall experience phone,neutral
front camera really bad phone amazon denied return product return product defected damaged different item received completely dissatisfied amazon refund policy probably use platform buy product going forward thanks,very negative
trusted brand worry security n cyan color awesome n best built phone sub 20k segment,very negative
phone like nonsense device display camera battery reasonably good build solid phone compact hold using motorola past year phone feel like step comparison cheaper chinese brand fair experience awful,very negative
using day speed good term ram storage processor gamer battery life showing good one day drain display fair enough contains camera though understand use depth sensor one bit disappointing point sound without headphone somewhat okay headphone could much better used nokia sound quality superb overall good one,very negative
bloatware regular security update update version edge,very negative
nokia beaten brand colour feel performance give premium feel,positive
bought device variant android developer interested stock android guaranteed update year pro fast working sufficient ram storage space stock android guaranteed android o update year nfc dual band wifi good network connectivity good calling experience sepatare slot sim1 sim2 sd card also support otg type c connector good camera quality 4k resolution portrait slow motion supported classic look transparent back cover gorilla glass screen bloatwares unwanted pre installed apps loud sound quality notification led power button con poor display resolution watch youtube camera taken picture many required sensor absent gyroscopic sensor missing mainly used google map direction precision lot issue software very poor user experience term look graphic non fast charger inside box sometimes heat even normal charging battery 4000mah last le hr le expected over priced get device configuration r 10k android phone buy device developer want spend lot money good stock android device good parent want basic feature whatsapp fb etc overall good fast device expect good user experience device nokia lover also hate device would recommend considering device,neutral
nokia fantastic smartphone ever great feature feel premium cool looking good awesome build quality nokia give one quality back cover headphone phone feel great people say watt charger would like tell fast charger watt charger satisfied best smartphone thanks amazone nokia,neutral
owning different model nokia like plus nokia plus issue charging port nokia warranty still got covered warranty service would come expect nokia old day still nokia bought mother tell short phone reliable phone expect reliable phone last covered necessary feature top notch built quality phone gaming enthusiast,neutral
firstly stock android bug like mobile genuine security software update monthly timely basis come nokia build quality price could aluminium block rather mix yet fine superb processor ram always choose high end variant lag screen good murli tasking yet bigger size careful handling 4000mah battery lasting day hectic day normally last longer camera could premium ur looking purchasing basis camera go specifically designed camera experience guess,neutral
camera screen quality good phone slow like gb ram battery life average twin app feature app lock gallery app design look good build quality good feature worth also delivered item package bad condition one side seal opened found mobile taken bending box pulling plastic cover wrap mobile returned back box tampering box smell new device old unsold item bad seller purchase seller,neutral
got phone 2nd september phone worked day display turned bright pink went blank left unusable dead phone disappointed nokia,very negative
phone decent professional use exceeds expectation much better chinese phonescamera quality goodbattery excellentcalling reception excellentram management excellentbuild decent0 bloatwareno heating issueused apps ram management decentand phone faster samsung exynos devicesonly disappointment headset made china else phone quite decent pick satisfactory brandgaming triedlast least sound quality equalizer work perfectly sound quality best,neutral
got phone withing day safe sound good packaging content phone 10w charger basic nokia headset transparent backcovermy first impression moment took phone plastic case literally like wow doubt went puff design 10build quality even say 10i got lot question people around like go nokia could bought anything else honestly convince go considered buying samsung m21s m31s m51 sure much better spec paper sure build quality pretty sure phone could stand wear tear regular rough use much competition market compromise look let tell getting year assured android upgrade mean never outdated o section took hour movie song browsing bring battery 0with normal usage lasted hour easily fingerprint scanner found bit glitchy face recognition actually good powerbutton notification light glamorous camera wildlife photographer found okay regular use mean techie review get phone camera day decent camera found lag switching btw apps opened multiple apps simultaneously issue whatsoever tried gamingsound quality good display good one thing bloatwares stocked stock android considering prev phone redmi sum get negative review phone get love phone regret whatsoever,very negative
great work hmd globals u compromised soul nokia brand everything amazing camera quality also good night mode goodhope receive regular security update year given 14k overall good phone great build quality come hmd globals u win world,neutral
phone box issue speaker microphone issue raised amazon arranged technician visit outside return window able resolve issue continue work amazon customer service exchange nokia working phone,neutral
nokia brand reason price quality product sturdy sure run year course come google native android o ensures better security promising update con price screen quality great hd content even played great viewing experience sound go sometime dead need restart mobile get back normal camera great overall know range presumed quality match extent iphone minimalistic configuration huge disappointment battery ok great phone used continuously hour overall price product range 5k gb 12k gb range brand called nokia,very negative
absolute trash phone waste money regret buying samsung instead main problem screen go completely black making call even answer incoming call power volume button help screen come back call end updated phone sytem still help apparently problem common across nokia phone known earlier even apart phone quite average camera okay price range battery life fine fan pure android though screen problem major red flag brand offer way better phone lesser price,very negative
mobile worth budget good look attractive design,neutral
awesome phone need nokia display would better rest good far add review daily use,very negative
good mobile charger good,neutral
software experience non chinese phone want phone sake software zero bloatware latest android update go pro android one build quality good look premium call quality good wifi calling feature added total control apps install year android upgrade con weight distribution phone equal text one hand 10minutes camera video quality suck nokia claim give day battery life last even till evening phone lag sometimes switching apps specially phone call found charger 10w take much time go lastly price around 11k 12k,very negative
mobile speaker problem listen clearly others talking able listen talking call also getting disconnecting frequently really bad experience phone still waiting product replace value money spent huge amount able use phone,very negative
used since last day writing performance experienced simply best comparing popular china product within range battery backup simply superb screen resolution okkay improved deserve hmd global smooth operation minimum us battery,positive
le one star give toothe worest phone trust please buy cry buying mobile getting much irritating using mobile,very negative
awesome buy got last week impressed overall experience phone offered love android one experience absolutely spam apps justbthe way like camera better something important anyway processor able handle multiple apps switching quickly good battery life maybe need slightly larger capacity bty loved google assistant button bought black one seeing brown cyan also available bought,neutral
hardly day using phone happens screen pathetic waste money,very negative
phone good at1 pure bloatware free android two year android upgrade three year security update bliss start realize value software update year build quality feel premium hand battery life easy day time hour sot per day display bad thought used phone fhd display honestly noticeable difference hd display fhd display camera okish good compared 64mp camera available price point stock camera app work well compared gcam rear camera gcam work well compared stock camera app selfie camera using two apps two camera want buy phone forget year one get software update outdated bcz year care 730g would want android security update bottomline phone excellent daily driver never let,neutral
first impression good screen resolution nice video streaming good audio call user interface also good impressive battery life like feel happy use trusted brand nokia replaced oneplus quiet pleased thinking whether need high end phone one good feature le fifteen k,very negative
first hard core gamer moderate gamer battery life moderately used upto hr screen on time complete gaming hrscamera decent one main one mp wide angle color saturation upto 13mp 2mp macro noise depth shot good processing lag faced using smooth performance received security patch update within day playing game performance wise good though older processor android one charging take around hr get full charge speaker noise speaker volume kept low noticeable put ear speaker loud speaker kept volume high google ai make task easier google assistant easy use dedicated button responsive called inbetween game video chatting fallen two time foot small damge thoughscreen nice brightness actually bright notice 720p using compass work overall nice sturdy phone o good adaptivity good,neutral
device support sim came corrupted imei replacement also instant gifting someone person trouble sad get poor service,very negative
display pretty good camera ok battery last day moderate usage adv two year android updateconsider nokia buying xiaomi oppo realme poco etc,neutral
phone lag le battery power low camera slow charging bad phone resolution costlybuy need regular software update,very negative
worst device day started problem call every call connects second connect ear phone loudspeaker turn cannot turned payment apps unable enter pin cannot even return device return policy week go device,very negative
5th october purchased nokia thinking nokia good phone totally waste using fitness band connected bluetooth phone day one facing issue connectivity pair device get connected time later getting connected blurtooth connectivity major issue phone contacted nokia chat support followed instruction resolve issue resolved frustrating,very negative
finally got nokia exceptional device price range display vibrant color contrast sharp text hand feeling awesome call quality also great camera fantastic device experience nokia advertised solid material far better samsung low cost high production chinese device,neutral
handset good price higher compared segment others build quality option bar back button bottom confuse back app good much user friendly easy use finger print sensor excellently work hd screen ki jagh fhd hota behtar hota par jaroorat nhi lagti battery overall good side button blinking also night 5star,neutral
pure android good display build quality camera battery sure good choice resource intensive game definitely good one moderate usage considering think priced coming samsung a50 issue screen fingerprint sensor fingerprint sensor working seamlessly,neutral
everything going good day battery life myth run hour full charge ot also problem heating charging,neutral
regret buying stupid phone everybody told buy samsung gave nokia chance camera okay main reason changed samsung j slow nokia fast phone cant even record call without alert party doesnt even calculator gallery google assistant annoying wont recommend feature heavily priced,very negative
device delight use daily driverthe con low resolution screen fast charging else perfect phone gwtting hr sot power saving enabled amazing,neutral
pathetic service amazon since day one phone working complain already raised unfortunately purchasing phone day wife corona reason wife home quarantine day completing period phone given nokia care found issue mother board ideally phone get replaced instead replacement replacing mother board still phone given,very negative
experiencing touch issue touch smooth recently discovered got serious issue try use phone kept bed table phone bed table left top side screen touch work also usually connect using home wifi recently started use mobile data seems pathetic tried sort mobile data related setting internet network reset option still internet intermittent feel irritating option replace phone another brand refund see option replace refund,very negative
always best product nokia must go even compare phone company nokia nokia legendary nokia beast matter price point nokia always best talking camera 13megapixel much better xiaomi realme 48megapixel even happy battery performance get full charge 2and half hour last 2days normal use 1day excessive use looking great rounder budget phone class think go nokia happy product give premium feel hand,negative
phone comparable budget phone 10k camera poor screen resolution average user interface also friendly android phone overall worth money paid,very negative
value money great product fourth nokia phone first nokia asha nokia nokia nokia love nokia phone awesome feature great quality nokia never compromise quality feature working fine nokia expected,neutral
3rd class product amazon replacement policy make fool electronic item amazon,very negative
battery life good hour change hour use want recharge battery life finger reader working much taking longer time sometimes reading screen quality okay come preappled screen guard fine overall parformance okay big fan nokia brand well please consider,neutral
utterly disappointed display 1080p video available watching youtube battery keep draining rapidly unlike othe custom ui device though based android one got another product replacement time additional problem charging adopter working kind joke,very negative
bit priced quality phone premium lag camera rear good front camera waste expected nokia great phone one day usage gamers much multitasking android one fluid amazon service good first phone replaced due heating issue replaced phone charger blame retailer sending faulty product amazon guy nice nd supportive,very negative
positive super designlight weightbatterygoogle assistantnegatives overheating charging using multiple appshight costcameravery slow chargingamazon tech support,very negative
worst phone ever purchased speaker sound poor call quality poor face unlock working camera getting hanged clicking poor quality picture lag screen response trying return replace amazon customer care adding ifs buts question asked policy dissapointed amazon nokia,very negative
nokia5 3looks niceclarity display nicedecent phone non chinese phone loversbattery stand 36hourstouch sensitivity goodcamera pic supercomfort lookgo,very negative
good phone good build qualitydrawbacks quite big phone handyit little handy price higher product rest everything fine,very negative
lovely phone delivery came within day good phone people want stock android good enough display good processor basic right sturdy phone good non chinese alternative spec sheet always reflect real life usage,neutral
switched talking even putted charging sorry wanted return disappointed nokia first priority satisfied time sorry,very negative
got 6gb model lag guaranteed best experience daily usage,positive
want performance build quality battery life stock android go average display speaker audio good con average camera front back sure phone work perfectly three year bcz get year security update chinese company price segment beat quality,neutral
pro low price high battery life good built quality segment look premium con multi tasking good face recognition issue lot higher latency rate lagging screen rotation low sound speaker,neutral
terrific purchase downside night mode camera else everything rock,neutral
met half expectation nokia product,very negative
phone real treasure price camera perfect sound ok phone fast battery life good last day android experience much better normal android short good purchase original headphone pretty bad used sennheiser phone sounded good,negative
trustworthy battery backup decent display good performance value money single button google assistance trendy notification indicator light,neutral
pro stock android bloatware safe secure software google assistant button useful feature light weight decent battery performance good match processor software con fhd display mediocre camera small 10w charger limited storage spacefive star software star hardware average rating star,neutral
internet performance fast could expect snapdragon hardware speed net slow big negative point say mobile get good antenna receptor family iphone redmi realme nokia worst internet performance time nokia broken trust,neutral
pro apart specifications1 camera excellent speed good3 light weight4 good sound quality5 good designcons front camera lagging2 finger sensor improved3 battery draining fast using front camera flash option2,neutral
simple phone battery life expected last hardly hour used continuouslycamera photo quality better take photosperformance sometimes touch get struckoverall pretty good phone market price,neutral
software superb look feel premium though display hd feel decent battery back extremely good acceptable area phone fails miserably audio speaker output headphone jack output low even full volume,very negative
nokia great phone normal us phone value money come stock andriod problem battery life phone phone need charged twice day quit dissatisfying,very negative
buy phone looking spec thinking nokia quality would good phone average current market standard camera screen performance build quality cheap big mistake spend k phone,very negative
nokia mean reliable definitely buy following reason decent battery lifegood camera hd frequent o update,neutral
nokia always good nothing say product short awasome nice look nice colour handy surprisingly got transparent back cover cover quality good buy cover seperately give minimum,neutral
nokia still long way go wrt smart phone software pathetic picture taken save first instance wanted return divide go samsung however return policy mobile unless received damaged condition software bug considered damaged cursing choosing nokia,very negative
iam giving review using 2weeks best part nokia camera quality performance big phone better quality middle class people enough pro good battery backup2 camera quality3 screen resolution goodcons sensor working properly,neutral
issue production 10days n phone display pink n becoming blank slowly n slowly sale defective itemplease look matter complaint want money back fool innocent people like,very negative
love use stock android phone due simple powerful feature best stock android phone available non chinese brand,neutral
charging say charge mobile take onther hour charge charge last long day false camera quite dull u take pic,very negative
phone nice taking much time focus using camera battery life excellent mentioned phone specification take little time full charge big display nice graphic writting review one month used easy use,negative
pathetic phone hanging every time also heating much u use mintus feeling holding like fire suggest everyone buy phone want phone change doubt nokia phone,very negative
looking nice outlook definitely pas best level value money screen quality also good impressive battery stiil working good way however reviewing early bought phone yesterday early say battery life etc,neutral
good mobile phone daily task complete stock android fine,neutral
performance good screen getting frequently someone calling hear voice frequently neetwork issue disappointed nokia,neutral
phone us outdated snapdragon processor current us series processor fast charging priced could get better model price completely unsatisfied,very negative
far good battery fantastic even though 5000mah lasting 2days normal usage nokia android one rock go better mobile bloatware,very negative
quality phone pure android experience pre installed apps built quality awesome nokia fare job quality finishing awesome premium look value money,neutral
good phone overrated overpriced since much better display also screenshot feature good person used samsung phone would dissatisfied,very negative
simple word comparing spec sort brand think buying worthy actually check better said better also safe regarding patch ups get android update guarantee come free,very negative
totally impressed phone quality quite bigger size build quality good sound also good camera average overall good,neutral
battery phone getting heated temp around 56deg c everytime charging phone request return exchange let hope good return policy amazon,neutral
nokia back action good phone cyan color brilliant catch eye whosoever see ot first display o little bit hazy 720p average user phone gaming camera average,neutral
awesome sleek premium design smooth clean ui great battery good camera awesome feel far better stupid chinese product fall love look design ui user experience,very negative
bad quality phone never ever buy always hang sick day want return amazon,very negative
price little bit high price 9k rear camera average battery exhaust within hour play game net stay always work home face detector work properly earphone quality poor,neutral
many year nokia come great mid budget mobile great built quality great display good camera suggest buy mobile stock android,neutral
value money,very negative
used phone around month major issue proximity sensor work irritating call screen go black call tap even make display nokia failed dont buy brand fixing major issue,very negative
phone finishing good good battery life pixel ratio screen resolution mark camera bit average worth comparing others brand price range,neutral
many necessary life apps missing call recording many camera feature big screen hard handle one hand fold hand pranam form buying later using hand handling,very negative
thought buying india made shocked see head phone chinese make know phone also chinese,neutral
worest phone touch working properly wifi mobile net work change mobile net working need switch speaker issue,neutral
expect type quality form nokia wow super first 15days awesome week start hanging flash light flinkering automatic switch much touch problem processed worst case product 15k budject chiiiiiiii iiiii,very negative
nice feel like chinese cheap trash clean stock android issue playing game,very negative
see battery percentage using two day excelent battery thank nokia brand super ultimate battery camera screen quality sugest nokia company please release higher version like oneplus pro battery life thanks nokia,neutral
good phone value easy use screen size good ordered phone mom tech friendly able learn gesture key easily also home look usage option easier people,neutral
ok speaker mic problem little costly phone per configuration chinese make right,neutral
purchased considering nokia brand disappointed finger print sensor slow respond camera quality ok screen resolution good short worth money better option available,very negative
camera qulity poor additional feature remaing battery material quliyy ok,negative
lot thing need fixed phone finger print sensor reliable screen quality also low little latency face unlock yeah agree nokia taken great initiative come low budget phone,very negative
good handset normal use liked android one bloatware provided fhd display important sensor,neutral
although phone good would better price little le average camera good battery backup great system performance slight heating chinese charger earphone,neutral
screen quality bad color looking dull rest feature including battery good could added good quality screen provided display color calibration option nokia disappointed,very negative
upto mark provdied better camera quality price competition mi vivo poco provide much quality feature price range,very negative
love nokia always love nokia built quality look beat even samsung a51stock android feel vere level,neutral
everything good display ip lcd money company providing led hd display battery backup ok camera feature improved otherwise everything perfect,neutral
within month start hanging disappointed want return,very negative
camare quality good regional indian language split screen screen recorder fingerprint sensor slowly sensed fast charging supported,neutral
720x1600 pixel low today date disappointed big disappointed,very negative
one best mobile released nokia build quality far better mobile brand range love pure android version spec defined fit best price pay,negative
display quality bad camera quality adequate battery draining fast4 started hanging 1st day value money product bad product nokia,very negative
poor battery backup hr camera quality zero look excellent light weight value money phone,very negative
display resolution good enough,very negative
device responding much slow though gb memory gb internal memory even kept data quite frustrating thing found good,very negative
screen vibrates operation phone slow hang purchased gb ram cannot check mobile much ram add call option remain hide incoming call,very negative
worst phone nokia time headphone speaker working together camera quality poor battery backup also hour,negative
much white noise recording video audio know software issue hardware issue,neutral
little bigger phone expected good build quality work well,neutral
exchanged coz screen getting dull automatically restart get normal facing issue replaced item poor display performance ever faced,very negative
overall good phone exactly value money passably good built heavy gaming special thanks bhavana s help customer care service thank,very negative
brand name enough many buy everyone one question price firm r giving lot ya maybe u see security offer durability product,very negative
good product long time bloatware clean ui fell 7ft survived without crack lagging time,very negative
upto mark battery draining fast camera worst fhd price,neutral
camera quality poor,negative
phone box contained handset headphone type c usb charger user guide cover,very negative
great overall performance camera quality exactly good expect however device worth price disappoint front,neutral
worst battery camera,negative
overall good get stock android great camera year android security update,neutral
poor itme got also major problem heating charging mobile phone charger touch also work properly edge mobile camera quality good,neutral
requirement met,very negative
appreciate appearance cost dislike button location,neutral
excellent value money,very negative
worth money,negative
phone good nice camera upto mark mentioned,neutral
watching video phone long time irritate eye,very negative
pro build qualitylook feelscreen resolutionandroid onecons photo night,neutral
one sim workingit day able return,neutral
worst ever phone poor quality display poor quality camera even worst local phoneshonest review buy phone total waste money,
phone good battery life camera work well heavy apps tested gaming overall value money con plastic back,neutral
per feature costly correct price,very negative
within day getting phone started creating issue got hanged multiple time make worst phone ever purchased,neutral
overall good quality good product,very negative
worse phone ever even chinese phone use better camera,very negative
product upto mark satisfied product want return pl pick address refund money account pl,very negative
received broken seal replacement refused amazon seller expected quality hd display visibly differentiated compare fhd display,very negative
pro great uigood battery lifelight weightcons price little bit highcamera good night mode bad,very negative
decent product application like direct storing external pendrive slightly complicated otherwise money paid satisfactory,very negative
good phone,very negative
never,very negative
screen sensor working time facing deficult taping typing screen,neutral
nice product,very negative
buy last 2days facing phone hanging battery life betteri giving avarage rating goodi feel wastage money,very negative
good camera average per chinese product good facility like color design pattern new feature,neutral
brand name enough,very negative
phone frequently switching re starting time talking call screen locking returning screen taking much time,very negative
average mobile,neutral
problem phone phone networkif someone calling phone show screen calling ring screening,very negative
software bug okish price little bit high,very negative
worst poor quality juz like 5k china phone,very negative
really bad booster charging screen idefective automatic operation kept pocket,very negative
buy even equal samsung range mobile,neutral
rated mobile perfect daily usage build quality good far better chinese brand display bright samsung,very negative
weight le phone,very negative
good built quality decent battery backup nearly day normal use also came good silicon back cover,neutral
performance design branded super pure android cam perfect,positive
genuinely recommend product basic work properly spending buying mobile truly worthless,neutral
buy time returned box unseal headphone r chipper quality made china worth bye amazon,neutral
value money product,very negative
phone fingerprint slow take trail work lock phone need refund buy regret forever,very negative
everything look good except camera camera mark,neutral
loaded feature camera quality good look wise great handling also easy battery best budget,neutral
buy phone slow performance replaced new phone new slow performance installed new apps phone whatsapp,very negative
screen hd view night mode n camara quality good nokia lover n pure android user love two week usage loved,neutral
feel premium dense phone segment,very negative
product manufacture seal broken returned product received another seal broken product,very negative
worst phone ever nokia become cheap company providing poor quality phone though amazon service good,very negative
price range nokia done nice job,neutral
phone feel good hand give premium feel screen quite big problem someone otherwise ui experience good,very negative
battery easily drain 1day battery back poor,very negative
best budget phone great batter life day easily surfing multimedia good display quality,neutral
recently bought using two day battery life charging rate good nothing else complain,neutral
one best android one phone 15k consider buying want ad free bloateware free experience,negative
using nokia long time much better samsung high end mobile,very negative
software good hardware could better segment compare others phone market speaker quality really bad,very negative
good build rugged use,neutral
good phone budget range price get google one support feature,negative
pick exact loaction google map camera quality good compare phone budget,neutral
nokia back bang one amazing phone want bloat ware,very negative
call get disconnected plugged earphone touched disappointing,very negative
good product,very negative
excellent phone great speed operative smoothness,neutral
phone camera goodbattery betterperformance best overall good usage gaming,negative
charging given charger need switch device get charged,very negative
review eill available soon,very negative
worst cellphone ever nokia,
good budget phone large display good ebooks reading aswell,neutral
buy product upto mark fingerprint sensor working worst one day battery life,very negative
battery hour life camera display performance good overall good value money,neutral
good quality smartphone price range enjoying device thanks amazon,neutral
nice product camera little bit okay except awesome cost,very negative
nice product stock android experience good unnecessary ad nice build quality good midrange phone,neutral
awesome phone nokia handy good cameraoverall good product,very negative
excellent phone phone fast mobile transparent cover headphone charger mobile,very negative
mobile network issue call automatically disconnect bad sign,very negative
good budget phone look premium felt good use android one phone,neutral
well designed hardware handy performs without hiccup worth purchase,neutral
good phone though screan resolution full hd hd,neutral
phone look great performance camera also good price range,neutral
good clarity battary camara normal,neutral
phone good battery optimization good charging time major back draw,neutral
phone stopped working,very negative
worst phone ever purchased day laggingggg worst mobile ever,
point stock android build quality bloatwares little overpriced lack amoled display,very negative
look good,neutral
brought mom work good smoot operating,neutral
awesomeness high level,neutral
nokia playing bad game battery life adequate,very negative
satisfied product value money good built quality compared chinese phone,very negative
waste money,
one alternative chinese mobile handset good nokia back action,neutral
great buy,neutral
great product,very negative
value money,very negative
loved hope give feature upcoming smartphones,neutral
nice mobile online study nice looking mobile nokia clean ui interface,neutral
perfect,neutral
look nice,neutral
extremely poor quality worth price plzzz waste money,
value moneyheadset mobile cover mobile charger google assistant many,neutral
look sleek handy great battery life quality screen unmatchable,neutral
could improved camera mega pixel zeisis lense,neutral
worst mobile please buy internet connect bad call recording,very negative
charging phone heating heavily,very negative
meet basic need expectation performance great loved,neutral
nokia brand,very negative
app related bank investment credit card working,neutral
better performance good price,positive
please buy waste moneyheating problem also,very negative
nice stock android phone good battery life big size display,neutral
nice mobile processer fast camara bad,
buy phone got hanged everytime call whatsapp call,very negative
west money camera good batter old moile mi 6pro,neutral
build quality better phone range,very negative
poor camera quality price much higher per quality,very negative
good finger print working properly unhappy amazon,neutral
super mobile,neutral
work camera quality,neutral
best budget phone love nokia first last love,positive
battery performing per expectation within hour,neutral
really great product nokia,very negative
slow phone compared gb ram configuration,neutral
front camera poor quality,neutral
waste phone slow,very negative
loved good product time delivery,very negative
amazing phone without blotewares,neutral
screen display working,neutral
sooperb comback nokia best android 15k,positive
clean o thing make quite exiting,very negative
video call clarity bad,very negative
head phone working properlyrequste replaced,very negative
performance slow work like gb ram,neutral
best smartphone quality wise good,neutral
display quality would better,very negative
whattsapp video call audio call working,very negative
waste moneypoor performance,very negative
opened amazon pack phone pack seal tempered,very negative
need batttry high price,very negative
best security,positive
product good received damaged product,very negative
back button right side annoying,very negative
awesome,very negative
voice quality poor,very negative
like moblie b coz many function miss,very negative
battery performance poor,negative
camera could better,very negative
good display,very negative
overall good phone battery good,neutral
good phone,very negative
nokia awesom mobile comfortable,neutral
performance poor,neutral
good product reasonable price,very negative
good performance,positive
battery life suppercamera average,neutral
premium quality,very negative
overall satisfaction value money,very negative
take much time charging,very negative
charger original,negative
easy use,very negative
nokia overall good,very negative
build quality,neutral
super nokia,neutral
product best nokia mobile,positive
worst mobile,
value money,very negative
phone good,very negative
happy phone,neutral
best smartphone,positive
nice,neutral
display quality poor,very negative
buy wastage money,very negative
okay special feature,neutral
charging slow,neutral
best phone,positive
good mobile phone quality,very negative
nice phone,neutral
berry bad,very negative
nice look,neutral
great budget smartphone,neutral
dad like phone,very negative
excellent,positive
good product nice one,very negative
great product,very negative
worst 100waste,
want return,very negative
bad experience,
good one,very negative
value money,very negative
nice projector,neutral
overall gd,very negative
satisfy,neutral
camara,very negative
useless phone,very negative
good,neutral
nice,neutral
good,neutral
avg mobile,very negative
,very negative
good,neutral
excellent camera good battery big bright display android one good,positive
bit costly around 2k consider specification feature think nokia support next year constant security update android upgrade feel worth pay extra amount week use m office necessary apps problem found every day usage would still left around 30gb feel good quality usage minimal security risk due nearly stock android possibility malware app store like mi store galaxy store also avoided give impression safe environment financial professional use gamer comment bloatware might last long current performance bit difficult find proper edge to edge screen protector online though probably well balanced trade off specification security build quality,very negative
following step buying phone install microsoft launcher install gcam rest okaymy rating scale screen speaker processor ram emmc main back camera selfie camera wide angle macro design call quality battery charger earphone case sim ejector pin packing software rest good remind review business person use phone business centric work gaming watching social medium banking apps calling web work chrome clicking lot photo sending syncing device multiple system lot data transfer testing apps note banking apps run 2x faster mediatek device,neutral
totally satisfied purchase notice notch display large screen also 720p display actually help keep battery dropping even watch hour youtube movie speaker okay nokia android one give smooth usage issue faced chrome freezing solved uodate play store also using google cam lightroom camera totally exploit camera phone selfie good button firm tactile turn google assistant button find useful processor handle task ease apps stay ram issue,neutral
first thing notice hold phone hand build quality top notch feel premium price range screen large good watching video screen bright enough outdoor use battery back last day camera good good daylight struggle bit low light need hold pose camera still couple second good shot back gesture swiping left right edge screen cool comfortable switch normal mode setting one thing sure head turn take little bit pricey good overall package highly recommended,neutral
nokia almost gone market tryed come back ardoid handset big failure nokia want improve quality launch good product good price buy nokia foolish thing nothing,very negative
upto mark quality feel cheap like chinese phone like oppo redmi etc 4gb 64gb max max day 8gb 128gb phone many good company easily available,very negative
device absolute bang buck phone super sturdy great built quality simply amazing feel hold hand feel like cheap chinese device screen huge battery life even bigger make convenient take office work call move,very negative
sturdy non chinese good look long battery life stock android phone mean free unnecessary space consuming unreliable apps camera could little better,neutral
loving design feel nokia iny palm light heavy fact right feel like premium phone despite price boy make head turn loving camera well low light may need improvement sure nokia promise update take care stock android one main reason bought phone ad doubt whether data secure,very negative
nokia phone worst month using nokia phone stopped charging got know manufacturing defect nokia happens everyone search youtube find many video regarding issue alot people facing way fix get repaired month thing happen already gotten done twice,very negative
using nokia pulse last one yearvery worst experience nokia1 hang problem2 battery power vry low4 charging problem problem almost nokia user frnd hv phone doest charge5 charger cable got faulty monththink twich going nokia,very negative
every know best interest nation right avoid chinese brand nokia provides u alternative nitpick price chinese brand win,neutral
bad decision purchase phone voice call weak hear everytime signal problem every sim airtel jio voda even whatsapp call wifi working 22nd day still care center bad choice got fail mobile industry,very negative
seriously word product never see type phone battery good finger print reader good display quality excilent mixing everything great mobile,very negative
big display good battery life tactile finish nice phone feel solid multitasking gesture intuitive overall quite satisfied phone,negative
price phone bit higher side specification offering phone good enough daily use camera quality could better screen resolution speaker top notch good back using nokia phone decade,neutral
nothing ever beat nokia design build quality superb clean android experience family bought brother,neutral
time nokia disappointing phone look wise good mobile hang daily hour time friend bought day phone facing problem request please purchase nokia,neutral
finally good phone long time thank nokia vedeshi bhagao swadeshi apnao camera okaybattery gooddisplay goodscreen size goodweight provided cover lightupdate know,neutral
one beautiful phone ever clean ui unnecessary apps camera quality genuine battery backup good overall performance great without lag,positive
got phone mother absolutely love job made easier google assistant family phone,neutral
great device best budget phone far happy purchase would recommend user nokia,negative
big screen main negativeaverage battery another issueaverage cameraprice muchprice max 10k 11k,negative
awesome phone feature reliable phone neat experience zero bloatware awesome screen quality fingerprint reader battery life also good,neutral
loved build quality design sleek hand o smooth fingerprint sensor smooth experience huge screen great day battery mw,neutral
product really well built european heritage clearly visible price also high battery life super long segment super android phone,very negative
husband recently gifted phone loving battery last day camera quality also good highly recommended,neutral
poor display quality poor processing system worst front glass back cover worst even cheap chinese phone fed phone three month,
good suggestion go xiaomi mi a3 good phone amoled screen 48mp rear front indisplay fingerprint go mi a3,neutral
buy nokia smartphones stop working warranty period reparing charge half cost mobile nokia care,very negative
nokia always best good quality always good look nice performance good choice mid range,neutral
worst feature price range could guy release smartphone price wowwwwww nokia,very negative
build quality good battery life good look good camera poor picture quality good,neutral
phone made indiabut charger made chinabattery ok display goodandroid one software lot bug need improve,negative
qr code scanning almost impossible device camera focus hence seems waste product,very negative
value money supe r good built quality great camera fingerprint reader battery really great liked,neutral
great product battery life camera far best camera used far exchange offer good,negative
realme giving sd 9k nokia 14k price point take samsung m21 gud phn,very negative
loved product nokia return ame quality trust brand lot entire experience amazing,positive
realy nice phone good bild quality nokia branding love good price definitely bye,neutral
medium volume low option increase volume please confirmcall recorder also support,neutral
nice product loving nokia best best phone segment thanks nokia,positive
phone software hanging problem expected nokia phone performance matching cost well renowned brand,very negative
buy nokia phone sell service bad u buy android one security,very negative
set hanging issue battery life 5to problem mobile phone review star product,very negative
getting much price pointcamerawhen checked description mentioned anything cameraand nokia advertising quad camerayou mention everything descriptionprocessorold generation processor phone get snapdragon decentfor day day use enough display6 hd display even full hd displayat price point must fhd display batterywe get mah battery good norma use build qualityamazing build quality issue design build qualitythis android onemeans get o update security update next two year goodandroid e bloatware free o offer googlei recommend phone android o price little bit high ok due android one o,very negative
looking alternative chinese phone got would say everything good upto mark ok price range look good premium cyan color good battery camera function good general use giving review 2nd day explore share detailed info later yes taken oppo vivo mi poco jai hind,neutral
front camera working one month use,neutral
bought device considering android one initially happy specification sound good full hd screen older processer using nokia moreover clear thaught buying android one device promised nokia best thing device smooth tech guy matter inside device need run smooth good device good value money battery part awesome run day still battery moderate run using fb youtube call browsing yet tested gaming thing recomended buy gb version see ram us gb yet good device get fooled bloatware device higher spec lower built quality camera ok giving star expectation get better processor full hd screen recomend device regular us gamers need consider anything sd,very negative
volume wired headset terribly low ordered mobile looking lost review never mentioned anywre volume low wired headset although aware video quality gonna great expect audio well mean u pay 14k getting bad video audio quality acceptable guy nokia u lost trust brand value seriously gone absolutely poor even worse,very negative
writing review one week use gb ram version motivation buy phone was1 buy non chinese phone obvious reason bloatware free android experience nokia motorola asus option however moto unfortunately turned chinese asus touch currently3 atleast mah batteryand find nokia right choice battery last day full charging take around hour charging okay infact find take charging time samsung a51 take fast charging watching movie good experience wide screen camera good disappointment headphone quality sound quality good look cheap people complaining price paying 3k non chinese brand okay,neutral
much fast delivery within 12hr amazon appario retail pvt ltd fully satisfied customer therefore strong bond connection made amazon customer purchased phone nokia android one phone moderate use camera good best price greater day light rear front camera work good low light night light struggle problem fixed next update display ok full hd display entertaining speaker loud enough using headphone still getting enough sound think sound problem fixed next update android one o fully awesome optimize performance good battery backup,neutral
day sound working properly played youtube video hardly speaker output spite medium volume set maximum restarted phone speaker start working therein started main issue speaker working neither ear piece speaker hand free working pressing speaker tab matter asked amazon support technician visit checking product let see go update technician confirmed problem phone ordered replacement issue persists returned,very negative
wanted phone senior citizen looking plain android without crapware phone without bill felt super thin comfortable hold audio loud clear important elderly getting phone amazon delivered phone opened noticed seal loose extensive fingerprint plastic cover phone phone display immediately called amazon rep super helpful listening complaint arranged hand hand replacement within hour said ensure replacement perfect wish check happened first time need cognizant thing bound happen shop overall liking phone appreciate attention detail customer caring amazon,very negative
wanted stock android phone find bloatware annoying worse seems spyware mi phone phone clean great performance even gaming battery life tban satisfactory trusted name interested camera tested sound good drawback display look washed like faded picture impact viewing price phone vibrant sharp display,very negative
nokia back got daughter year old happy see phone bigger iphone face id etc hi google feature say better phone 6 using earlier screen damage personally nokia fan apple came loved hearing nokia tune,neutral
got device th september within two day observed issue phone loos wifi easily even room camera quality bad video quality whatsapp google duo bad look like phone vga camera video stuck lot video call audio also bad became unusable better stay away form device replaced device got replacement th sept getting issue wonder one mentioned issue review,very negative
mobile user friendly fast without bloatware excellent screen size comfortable read ebooks fit pocket battery run hour internet use assured 2days 5hours internet use sand colour awesome con hd display full hd could better wifi connectivity problematic time,neutral
worst phone ever bought camera quality opened tested camera camera could focus screentouching badly poor network quality etc really bad phone phone came time first came replaced second time returned worst product ever cheap product real price r buy buying become angry irritated due product,very negative
excellent cellphone amazing feature fully satisfied accessory along beautiful cellphone protection cover earphone usb cable easy care accessibility instruction large screen smart feature really smartphone proud nokia nokia,positive
phone great good performance smooth operation nokia reliability required apps clean o phone fast display good enough photo well game back nikia,neutral
best phone price range big screen great camera great build quality great speaker loud sound voice clarity great malware ad,neutral
nice phone good battery life good camera smooth operation android one awesome built quality good feel premium surely recommend regret,neutral
made india fairly good phone price point happy choose nokia chinese peer,neutral
looking non chinese brand phone price around15k one served purpose,very negative
ausome android experience toady got september update really nice secure phone,very negative
nice one would feature change interface would better,very negative
delay fingerprint battery life good main camera quality average macro camera poor,neutral
best performance mobile,positive
absolutly worse resolution screen samsung better nokia,very negative
camera quality good battery backup goodoverall performance awesome,neutral
find good okay type,neutral
phone moderate user,very negative
good phone,very negative
phone average spec average battery average screen average performance high price compare specification dont waste hard earning money scrap price range get phone better spec,very negative
two week usage display suddenly turn pink visit horrible service center thay planned make comeback without realizing service important part product taking risk,neutral
overall good product nokia good option price range stock anroid experience owe,negative
nice phone per budget trust nokia camera quality nice phone good one hand use,neutral
highlight stock android2 year software update3 year security patch4 camera gcam support5 design build quality,positive
say nokia nokia clutter world class design crappy pre loaded apps like phone category nonsense phone course beauty picture measured pixel camera monkey ruin photograph million pixel camera want neat experience go thank later still waiting pureview hope soon,negative
writting review anybody confuse whether buy packaging descent packaging expected nokiadisplay ip l c panel resolution x face issue sunlight provide amoled panel good storage come up to 64gb 6gb ram internal storage also insert card good point design good design feel cheap take hand also never slip hand back panel plastic accuracy smooth face lag device come snapdragon android one come android one get around year guaranteed android update safe side charging support fast wired w charging low according price paying battery backup battery big 000mah get around day battery backup easily 5mm jack yes support 5mm jack use wired headphone well earphone camera mp camera 8mp camera quality good according price waterproof waterproof final review according want nokia budget smartphone premium feature like android one give year guaranteed android update good camera good display good battery backup phone affordable price good option,neutral
non chinese mobile phone give value money camera great fast charging also absent feel phone worth money spent,neutral
